<eml:eml xmlns:eml="eml://ecoinformatics.org/eml-2.1.1"
         xmlns:dc="http://purl.org/dc/terms/"
         xmlns:xsi="http://www.w3.org/2001/XMLSchema-instance"
         xsi:schemaLocation="eml://ecoinformatics.org/eml-2.1.1 http://rs.gbif.org/schema/eml-gbif-profile/1.1/eml.xsd"
         packageId="http://ipt.env.duke.edu/resource?id=zd_2158/v1.0" system="http://gbif.org" scope="system"
         xml:lang="eng">

<dataset>
  <alternateIdentifier>http://ipt.env.duke.edu/resource?r=zd_2158</alternateIdentifier>
  <title xml:lang="eng">Passive acoustic monitoring of killer whales in the northern Gulf of Alaska</title>
      <creator>
    <individualName>
        <givenName>Hannah</givenName>
      <surName>Myers</surName>
    </individualName>
    <organizationName>University of Alaska Fairbanks</organizationName>
    <positionName>Primary contact</positionName>
    <electronicMailAddress>hmyers8@alaska.edu</electronicMailAddress>
    <onlineUrl>https://uaf.edu/cfos/people/student/detail/hannah-myers.php</onlineUrl>
      </creator>
      <metadataProvider>
    <individualName>
      <surName>OBIS-SEAMAP</surName>
    </individualName>
    <organizationName>Marine Geospatial Ecology Lab, Duke University</organizationName>
    <address>
        <deliveryPoint>A328 LSRC building</deliveryPoint>
        <city>Durham</city>
        <administrativeArea>NC</administrativeArea>
        <postalCode>27708</postalCode>
        <country>US</country>
    </address>
    <electronicMailAddress>seamap-contact@duke.edu</electronicMailAddress>
    <onlineUrl>https://seamap.env.duke.edu</onlineUrl>
      </metadataProvider>
      <associatedParty>
    <individualName>
      <surName>OBIS-SEAMAP</surName>
    </individualName>
    <organizationName>Marine Geospatial Ecology Lab, Duke University</organizationName>
    <address>
        <deliveryPoint>A328 LSRC building</deliveryPoint>
        <city>Durham</city>
        <administrativeArea>NC</administrativeArea>
        <postalCode>27708</postalCode>
        <country>US</country>
    </address>
    <electronicMailAddress>seamap-contact@duke.edu</electronicMailAddress>
    <onlineUrl>https://seamap.env.duke.edu</onlineUrl>
    <role>distributor</role>
      </associatedParty>
      <associatedParty>
    <individualName>
        <givenName>Hannah</givenName>
      <surName>Myers</surName>
    </individualName>
    <organizationName>University of Alaska Fairbanks</organizationName>
    <positionName>Primary contact</positionName>
    <electronicMailAddress>hmyers8@alaska.edu</electronicMailAddress>
    <onlineUrl>https://uaf.edu/cfos/people/student/detail/hannah-myers.php</onlineUrl>
    <role>owner</role>
      </associatedParty>
  <pubDate>
      2021-08-10
  </pubDate>
  <language>eng</language>
  <abstract>
    <para>Original provider:
Hannah Myers

Dataset credits:
Hannah Myers, University of Alaska Fairbanks

Abstract:
Killer whales (Orcinus orca) are top predators throughout the world’s oceans. In the North Pacific, the species is divided into three ecotypes—resident (fish-eating), transient (mammal-eating), and offshore (largely shark-eating)—that are genetically and acoustically distinct and have unique roles in the marine ecosystem. We deployed hydrophones in the northern Gulf of Alaska to examine the year-round distribution of killer whales from 2016 to 2020 using passive acoustic monitoring. Highest year-round acoustic presence occurred in Montague Strait, with strong seasonal patterns in Hinchinbrook Entrance and Resurrection Bay. Passive acoustic monitoring revealed that both resident and transient killer whales used these areas much more extensively than previously known and provided novel insights into high use locations and times for each population. These results may be driven by seasonal foraging opportunities and social factors, and have management implications for this species.

Purpose:
Year-round passive acoustic monitoring of killer whales

Supplemental information:
This dataset presents killer whale presence or absence based on acoustic detection. 
The locations of the stationary acoustic devices are approximate. 

Passive acoustic monitoring efforts were done during the following periods:
Montague Strait
    Hanning Bay 10/1/2016 - 1/31/2017
    Little Bay 9/14/2017- 5/7/2018
    Little Bay 5/15/2018 - 9/17/2018
    Little Bay 10/1/2018 - 9/24/2019
    Little Bay 09/27/2019 - 5/31/2020

Hinchinbrook Entrance
    Port Etches 10/1/2016 - 6/16/2017
    Port Etches 9/7/2017 - 5/12/2018
    Port Etches 5/15/2018 - 9/30/2018
    Zaikof Bay 10/1/2018 - 7/25/2019
    Zaikof Bay 10/1/2019 - 5/29/2020

Resurrection Bay
    6/7/2018 - 10/2/2018
    10/2/2018 - 5/27/2019
    5/27/2019 - 9/22/2019
    9/22/2019 - 5/31/2020</para>
  </abstract>
      <keywordSet>
            <keyword>Occurrence,Marine Animal Survey,Marine Biology,Marine mammals,Acoustic precense/absence,Ocean-based Platforms</keyword>
        <keywordThesaurus>GBIF Dataset Type Vocabulary: http://rs.gbif.org/vocabulary/gbif/dataset_type.xml</keywordThesaurus>
      </keywordSet>
      <keywordSet>
            <keyword>Observation</keyword>
        <keywordThesaurus>GBIF Dataset Subtype Vocabulary: http://rs.gbif.org/vocabulary/gbif/dataset_subtype.xml</keywordThesaurus>
      </keywordSet>
      <keywordSet>
            <keyword>Occurrence</keyword>
        <keywordThesaurus>GBIF Dataset Type Vocabulary: http://rs.gbif.org/vocabulary/gbif/dataset_type_2015-07-10.xml</keywordThesaurus>
      </keywordSet>
  <additionalInfo>
    <para>marine, harvested by iOBIS</para>
  </additionalInfo>
  <intellectualRights>
    <para>This work is licensed under a <ulink url="http://creativecommons.org/licenses/by-nc/4.0/legalcode"><citetitle>Creative Commons Attribution Non Commercial (CC-BY-NC) 4.0 License</citetitle></ulink>.</para>
  </intellectualRights>
  <distribution scope="document">
    <online>
      <url function="information">https://seamap.env.duke.edu/dataset/2158</url>
    </online>
  </distribution>
  <coverage>
      <geographicCoverage>
          <geographicDescription>Alaska</geographicDescription>
        <boundingCoordinates>
          <westBoundingCoordinate>-149.6</westBoundingCoordinate>
          <eastBoundingCoordinate>-147</eastBoundingCoordinate>
          <northBoundingCoordinate>60.3</northBoundingCoordinate>
          <southBoundingCoordinate>59.7</southBoundingCoordinate>
        </boundingCoordinates>
      </geographicCoverage>
          <temporalCoverage>
              <rangeOfDates>
                  <beginDate>
                    <calendarDate>2016-10-01</calendarDate>
                  </beginDate>
                <endDate>
                  <calendarDate>2020-05-31</calendarDate>
                </endDate>
              </rangeOfDates>
          </temporalCoverage>
          <taxonomicCoverage>
              <generalTaxonomicCoverage>Scientific names are based on the Integrated Taxonomic Information System (ITIS).</generalTaxonomicCoverage>
              <taxonomicClassification>
                  <taxonRankName>species</taxonRankName>
                <taxonRankValue>Orcinus orca</taxonRankValue>
                  <commonName>Killer Whale</commonName>
              </taxonomicClassification>
          </taxonomicCoverage>
  </coverage>
  <purpose>
    <para>Year-round passive acoustic monitoring of killer whales</para>
  </purpose>
  <maintenance>
    <description>
      <para></para>
    </description>
    <maintenanceUpdateFrequency>notPlanned</maintenanceUpdateFrequency>
  </maintenance>

      <contact>
    <individualName>
        <givenName>Hannah</givenName>
      <surName>Myers</surName>
    </individualName>
    <organizationName>University of Alaska Fairbanks</organizationName>
    <positionName>Primary contact</positionName>
    <electronicMailAddress>hmyers8@alaska.edu</electronicMailAddress>
    <onlineUrl>https://uaf.edu/cfos/people/student/detail/hannah-myers.php</onlineUrl>
      </contact>
  <methods>
        <methodStep>
          <description>
            <para>NA</para>
          </description>
        </methodStep>
      <sampling>
        <studyExtent>
          <description>
            <para>NA</para>
          </description>
        </studyExtent>
        <samplingDescription>
          <para>NA</para>
        </samplingDescription>
      </sampling>
  </methods>
  <project >
    <title>Passive acoustic monitoring of killer whales in the northern Gulf of Alaska</title>
      <personnel>
        <individualName>
            <givenName>Hannah</givenName>
          <surName>Myers</surName>
        </individualName>
        <role>owner</role>
      </personnel>
      <funding>
        <para>NA</para>
      </funding>
  </project>
</dataset>
  <additionalMetadata>
    <metadata>
      <gbif>
          <dateStamp>2014-06-17T08:31:03.049+00:00</dateStamp>
          <hierarchyLevel>dataset</hierarchyLevel>
            <citation identifier="https://seamap.env.duke.edu/dataset/2158">Myers, H. 2021. Passive acoustic monitoring of killer whales in the northern Gulf of Alaska. Data downloaded from OBIS-SEAMAP (https://seamap.env.duke.edu/dataset/2158) on yyyy-mm-dd.</citation>
            <physical>
              <objectName>OBIS-SEAMAP Dataset Page</objectName>
              <characterEncoding>UTF-8</characterEncoding>
              <dataFormat>
                <externallyDefinedFormat>
                  <formatName>Interactive map</formatName>
                </externallyDefinedFormat>
              </dataFormat>
              <distribution>
                <online>
                  <url function="download">https://seamap.env.duke.edu/dataset/2158</url>
                </online>
              </distribution>
            </physical>
            <physical>
              <objectName>FGDC Metadata</objectName>
              <characterEncoding>UTF-8</characterEncoding>
              <dataFormat>
                <externallyDefinedFormat>
                  <formatName>XML</formatName>
                </externallyDefinedFormat>
              </dataFormat>
              <distribution>
                <online>
                  <url function="download">https://seamap.env.duke.edu/dataset/2158/xml</url>
                </online>
              </distribution>
            </physical>
              <collection>
                  <parentCollectionIdentifier>OBIS-SEAMAP</parentCollectionIdentifier>
                  <collectionIdentifier>zd_2158</collectionIdentifier>
                <collectionName>zd_2158</collectionName>
              </collection>
      </gbif>
    </metadata>
  </additionalMetadata>
</eml:eml>
